div,photo,0
div,eagle,0
div,caa,0
div,ma,0
div,firewire,0
div,test,0
div,enclosures,0
div,cooling,0
div,19bus,0
div,ipodmp3,0
div,watts,0
div,builder,0
div,access,0
div,1030,0
div,4,0
div,home,0
div,center,0
div,wearable,0
div,plus,0
div,units,0
div,add-ons,0
div,terms,0
div,64999,0
div,builders,0
div,great,0
div,an,0
div,become,0
div,general,0
div,14gddr6,0
div,zip,0
div,best,0
div,music,0
div,wide,0
div,ultra,0
div,505420,0
div,appointment,0
div,nicely,0
div,minute,0
div,trinity,0
div,tech,0
div,bluetooth,0
div,paste,0
div,workload,0
div,cut,0
div,replacement,0
div,outlet,0
div,banner,0
div,exclusive,0
div,game,0
div,shopping,0
div,co,0
div,explore,0
div,raspberry,0
div,1quadro,0
div,processorscpus,0
div,produces,0
div,even,0
div,alert,0
div,16-pin,0
div,connector,0
div,cambridge,0
div,multimeters,0
div,luckily,0
div,panels,0
div,mouse,0
div,peek,0
div,cables,0
div,local,0
div,shield,0
div,management,0
div,and,0
div,lhr,0
div,fsr,0
div,pickup,0
div,ssds,0
div,tablet,0
div,kvm,0
div,spider-man,0
div,blu-ray,0
div,psp,0
div,product,0
div,opt,0
div,usb,0
div,printer,0
div,you,0
div,modern,0
div,modal,0
div,were,0
div,professionals,0
div,me,0
div,40320-bit,0
div,housing,0
div,refund,0
div,stream,0
div,15evga,0
div,14geforce,0
div,asked,0
div,displays,0
div,nas,0
div,columbus,0
div,denver,0
div,every,0
div,chicago,0
div,800062999,0
div,remember,0
div,deals,1
div,we,0
div,order,0
div,645890,0
div,77999,0
div,code,0
div,intel,0
div,pa,0
div,routers,0
div,reference,0
div,earbuds,0
div,quality,0
div,data,0
div,cooled,0
div,applications,0
div,72geforce,0
div,2liquid,0
div,performance,0
div,g,0
div,connecting,0
div,ensuring,0
div,micro,0
div,matching,0
div,well,0
div,byopc,0
div,powerful,0
div,rank,0
div,648269,0
div,or,0
div,8gb,0
div,receipt,0
div,services,0
div,getting,0
div,offers,0
div,ensure,0
div,compound,0
div,specific,0
div,smooth,0
div,patch,0
div,a4500,0
div,drones,0
div,troubleshooting,0
div,youll,0
div,sharonville,0
div,results,0
div,demands,0
div,recommended,0
div,research,0
div,ready,0
div,building,0
div,computers,0
div,mini,0
div,how,0
div,102,0
div,platform,0
div,make,0
div,microsoft,0
div,miscellaneous,0
div,may,0
div,10gb,0
div,increase,0
div,il,0
div,5radeon,0
div,cddvd,0
div,built,0
div,ups,0
div,va,0
div,scanners,0
div,card,0
div,landscaping,0
div,1600,0
div,fan,0
div,hats,0
div,locator,0
div,8radeon,0
div,1radeon,0
div,peripheral,0
div,adding,0
div,rated,0
div,view,0
div,second,0
div,jersey,0
div,clocks,0
div,experienced,0
div,displayport,0
div,qualifying,0
div,yonkers,0
div,suprim,0
div,star,0
div,connectors,0
div,servers,0
div,diagnosis,0
div,groups,0
div,cddvdblu-ray,0
div,help,0
div,5single,0
div,hp,0
div,t,0
div,box,0
div,enclosurestrays,0
div,use,0
div,123quad,0
div,Â©,0
div,watches,0
div,389213,0
div,13geforce,0
div,heights,0
div,amd,0
div,14refurbished,0
div,2pcie,0
div,3radeon,0
div,mac,0
div,computing,0
div,filaments,0
div,cases,0
div,internal,0
div,plenty,0
div,radeon,0
div,inverters,0
div,custom,0
div,maker,0
div,specifically,0
div,directx,0
div,391607,0
div,know,0
div,arcadegaming,0
div,allow,0
div,dial-up,0
div,technology,0
div,tearing,0
div,idesata,0
div,laser,0
div,107gddr6x,0
div,installation,0
div,top,0
div,sapphire,0
div,in-demand,0
div,xremove,0
div,p1000,0
div,7geforce,0
div,rests,0
div,advantage,0
div,recycling,0
div,is,0
div,8-pin,0
div,fit,0
div,enhance,0
div,pre,0
div,your,0
div,gpu,0
div,width,0
div,1650,0
div,slot,0
div,filters,0
div,1geforce,0
div,fps,0
div,their,0
div,social,0
div,659534,0
div,hybrid,0
div,flashlights,0
div,what,0
div,ethernet,0
div,of,0
div,631187,0
div,24g,0
div,wrist,0
div,4090,0
div,players,0
div,guaranteed,0
div,pcie,0
div,up,0
div,io,0
div,cell,0
div,tx,0
div,speakers,0
div,dual,0
div,90,0
div,westmont,0
div,trademarks,0
div,factor,0
div,securityhome,0
div,samsung,0
div,temporarily,0
div,lianli,0
div,msi,0
div,10384-bit,0
div,clearance,1
div,71,0
div,53,0
div,mi,0
div,creators,0
div,join,0
div,service,0
div,potential,0
div,192,0
div,6768,0
div,category,0
div,plates,0
div,20b,0
div,radios,0
div,anti-virus,0
div,modems,0
div,hobby,0
div,audio,0
div,skip,0
div,people,0
div,online,0
div,lookup,0
div,eliminating,0
div,job,0
div,interface,0
div,rights,0
div,brands,0
div,acceptx,0
div,workstations,0
div,supply,0
div,aerial,0
div,boosters,0
div,ram,0
div,website,0
div,dock,0
div,majority,0
div,freesync,0
div,in-store,0
div,cordlessconference,0
div,sound,0
div,-,0
div,my,0
div,6radeon,0
div,breadcrumbs,0
div,brother,0
div,standard,0
div,mp3,0
div,boards,0
div,6zotac,0
div,s,0
div,motherboard,0
div,larger,0
div,height,0
div,web,0
div,connect,0
div,fans,0
div,viewing,0
div,robotic,0
div,choosing,0
div,before,0
div,saving,0
div,business,0
div,further,0
div,fast,1
div,find,0
div,without,0
div,ti,0
div,photography,0
div,arc,0
div,thermal,0
div,list,0
div,dvd,0
div,arcade,0
div,stands,0
div,promise,0
div,storage,0
div,solutions,0
div,beats,0
div,654069,0
div,ports,0
div,builds,0
div,24gb,0
div,powerspec,0
div,facebook,0
div,utilities,0
div,account,0
div,removal,0
div,retro,0
div,14,0
div,ks,0
div,here,0
div,position,0
div,asus,0
div,our,0
div,shippable,0
div,office,0
div,consider,0
div,books,0
div,mo,0
div,search,0
div,tuf,0
div,648539,0
div,sorry,0
div,tracing,0
div,super,0
div,needed,0
div,overall,0
div,louis,0
div,guarantee,0
div,directions,0
div,recreational,0
div,using,0
div,think,0
div,2radeon,0
div,66999save,0
div,etc,0
div,ink,0
div,only,1
div,select,0
div,remastered,0
div,2200077999,0
div,close,1
div,buying,0
div,privacy,0
div,than,0
div,kits,0
div,a770,0
div,amazing,0
div,to,0
div,legal,0
div,travelling,0
div,resins,0
div,keyboards,0
div,phones,0
div,battery,0
div,smaller,0
div,fairfax,0
div,tustin,0
div,selecting,0
div,policy,0
div,ergonomic,0
div,education,0
div,54999save,0
div,lists,0
div,members,0
div,compare,0
div,manufacturer,0
div,based,0
div,bulbs,0
div,dallas,0
div,heatsinks,0
div,offer,0
div,problem,0
div,length,0
div,rebate,0
div,mayfield,0
div,davids,0
div,strix,0
div,model,0
div,9,0
div,sacrificing,0
div,department,0
div,profile,0
div,cabinets,0
div,protectors,0
div,clock,0
div,sell,0
div,air,0
div,expansion,0
div,madison,0
div,oh,0
div,base,0
div,sim,0
div,17801,0
div,1arc,0
div,gb,0
div,community,0
div,shipping,0
div,evga,0
div,for,0
div,central,0
div,toshiba,0
div,13929,0
div,portable,0
div,qled,0
div,audience,0
div,headsets,0
div,hiring,0
div,learn,0
div,there,0
div,page1,0
div,take,0
div,strips,0
div,wired,0
div,gtx,0
div,mp3mp4,0
div,systems,0
div,electronic,0
div,airpods,0
div,arrivals,0
div,ray,0
div,design,0
div,wish,0
div,they,0
div,if,0
div,effectively,0
div,reducing,0
div,items,0
div,one,0
div,mice,0
div,comes,0
div,conditions,0
div,transparency,0
div,ddr3,0
div,ny,0
div,savings,0
div,refresh,0
div,open,0
div,hangout,0
div,any,0
div,popular,0
div,called,0
div,insider,0
div,cardschoose,0
div,gaming,0
div,youtube,0
div,total,0
div,44999,0
div,99999save,0
div,3geforce,0
div,ga,0
div,matters,0
div,expy,0
div,additional,0
div,pads,0
div,check,0
div,special,0
div,a,0
div,1pc,0
div,while,0
div,vision,0
div,locations,0
div,these,0
div,screens,0
div,latest,0
div,switchboxes,0
div,labels,0
div,creative,0
div,12gb,0
div,enthusiasts,0
div,cancel,0
div,whether,0
div,who,0
div,image,0
div,projectors,0
div,memory,0
div,add,0
div,name,0
div,supports,0
div,purchasing,0
div,tier,0
div,marvelâ€™s,0
div,categories,0
div,sli,0
div,171,0
div,rx,0
div,resources,0
div,parkville,0
div,issues,0
div,projects,0
div,hours,0
div,security,0
div,audiovideo,0
div,stations,0
div,10500,0
div,controllers,0
div,14b,0
div,youâ€™re,0
div,from,0
div,chipset,0
div,equipment,0
div,products,0
div,day,0
div,sku,0
div,clear,0
div,broadband,0
div,movies,0
div,14a,0
div,satisfaction,0
div,found,0
div,ca,0
div,solid,0
div,inc,0
div,2asrock,0
div,cord,0
div,accepted,0
div,parts,0
div,drives,0
div,function,0
div,brand,0
div,ribbons,0
div,important,0
div,gadgets,0
div,toners,0
div,return,0
div,so,0
div,1250,0
div,selected,0
div,california,0
div,games,0
div,2k,0
div,that,0
div,boardsprojects,0
div,flushing,0
div,customer,0
div,acer,0
div,reviews,0
div,shorter,0
div,playstation,0
div,as,0
div,2964-bit,0
div,availability,0
div,iphones,0
div,build,0
div,imac,0
div,55msi,0
div,supplies,0
div,4gddr3,0
div,email,0
div,accessories,0
div,recorders,0
div,paper,0
div,max,0
div,1024,0
div,content,0
div,41powercolor,0
div,2quadro,0
div,review,0
div,centeradvanced,0
div,170recent,0
div,login,0
div,monitors,0
div,power,0
div,print,0
div,upgrades,0
div,dji,0
div,gddr6,0
div,activities,0
div,3x,0
div,4k,0
div,restrictions,0
div,combos,0
div,ac,0
div,repairs,0
div,store,0
div,openings,0
div,mini-displayport,0
div,becoming,0
div,2400053999,0
div,multimedia,0
div,navigation,0
div,vga,0
div,serial,0
div,ship,0
div,also,0
div,unavailable,1
div,all,0
div,z,0
div,18nvidia,0
div,14gigabyte,0
div,hubs,0
div,are,0
div,closeouts,0
div,4000,0
div,few,0
div,printing,0
div,a4000,0
div,electronics,0
div,try,0
div,pro,0
div,nj,0
div,many,0
div,brentwood,0
div,lenovo,0
div,save,0
div,case,0
div,price,0
div,tower,0
div,wireless,0
div,cabinet,0
div,dual-fan,0
div,need,1
div,options,0
div,theater,0
div,sure,0
div,by,0
div,2geforce,0
div,triple-fan,0
div,45120,0
div,automation,0
div,bundles,0
div,duluth,0
div,capture,0
div,knowledge,0
div,processing,0
div,ssd,0
div,amp,0
div,camcorders,0
div,now,1
div,arguably,0
div,12visiontek,0
div,copyrights,0
div,adapters,0
div,streaming,0
div,announcements,0
div,799,0
div,69999save,0
div,below,0
div,36greater,0
div,1gddr5,0
div,insign,0
div,linux,0
div,shop,0
div,suggested,0
div,cpu,0
div,area,0
div,md,0
div,can,0
div,questions,0
div,setup,0
div,4directx,0
div,xbox,0
div,gpus,0
div,crossfire,0
div,desktops,0
div,powered,0
div,printers,0
div,switches,0
div,status,0
div,credit,0
div,weather,0
div,imaging,0
div,5geforce,0
div,network,0
div,16gb,0
div,159low,0
div,6quadro,0
div,homepod,0
div,but,0
div,6600,0
div,77999save,0
div,park,0
div,desktop,0
div,12quadro,0
div,slr,0
div,vr,0
div,ave,0
div,20,0
div,presentation,0
div,compatible,0
div,line,0
div,6geforce,0
div,frequently,0
div,merchandise,0
div,clinics,0
div,will,0
div,premier,0
div,upgrade,0
div,xt,0
div,two,0
div,warranties,0
div,3d,0
div,1open,0
div,among,0
div,lowest,0
div,type,0
div,tuners,0
div,50,0
div,beyond,0
div,rating,0
div,working,0
div,new,0
div,a2000,0
div,1253,0
div,showcase,0
div,32new,0
div,carrying,0
div,laptop,0
div,want,0
div,links,0
div,with,0
div,a750,0
div,migration,0
div,trust,0
div,gps,0
div,accessibility,0
div,benefit,0
div,remove,0
div,nvidia,0
div,5pcie,0
div,end,0
div,on,0
div,starter,0
div,antennas,0
div,require,0
div,finder,0
div,space,0
div,phone,0
div,gigabyte,0
div,ad,0
div,available,0
div,crucial,0
div,networking,0
div,apple,0
div,wall,0
div,completed,0
div,watch,0
div,choice,0
div,136usb,0
div,shure,0
div,p,0
div,1gddr4,0
div,tablets,0
div,amdâ€™s,0
div,drive,0
div,voice,0
div,toner,0
div,backup,0
div,gamers,0
div,twitter,0
div,devices,0
div,selling,0
div,map,0
div,cleaning,0
div,instagram,0
div,hello,0
div,hd,0
div,video,0
div,a380,0
div,refinements,0
div,powercolor,0
div,zotac,0
div,mn,0
div,get,0
div,macbook,0
div,safe,0
div,st,0
div,hdmi,0
div,liquid,0
div,yes,0
div,workhorse,0
div,frame,0
div,all-in-one,0
div,refurbished,0
div,microphones,0
div,oled,0
div,171000,0
div,main,0
div,netgear,0
div,gt,0
div,accountcreate,0
div,average,0
div,accept,0
div,form,0
div,software,0
div,settings,0
div,21a,0
div,other,0
div,6nvlink,0
div,such,0
div,12-pin,0
div,hide,0
div,no,0
div,variable,0
div,thunderbolt,0
div,including,0
div,accordance,0
div,mounts,0
div,console,0
div,4radeon,0
div,features,0
div,give,0
div,page,0
div,lightweight,0
div,makerstem,0
div,models,0
div,70999save,0
div,barebone,0
div,pricing,0
div,some,0
div,high,0
div,airpod,0
div,27pcie,0
div,recording,0
div,chargers,0
div,produced,0
div,aib,0
div,rates,0
div,scan,0
div,rog,0
div,monitor,0
div,stars,0
div,marietta,0
div,recovery,0
div,personal,0
div,decision,0
div,triple,0
div,schedule,0
div,operating,0
div,graphics,0
div,through,0
div,sometimes,0
div,sale,0
div,wd,0
div,inkjet,0
div,pc,0
div,news,0
div,technicians,0
div,310752,0
div,item,0
div,cartridges,0
div,curved,0
div,have,0
div,epson,0
div,cuda,0
div,first,0
div,readers,0
div,cookies,0
div,multi-gpu,0
div,possible,0
div,provide,0
div,highest,0
div,2x,0
div,sync,0
div,maximum,0
div,ever,0
div,keystones,0
div,plans,0
div,tools,0
div,cable,0
div,14pny,0
div,do,0
div,39192-bit,0
div,valuable,0
div,100,0
div,tvs,0
div,choose,0
div,in,0
div,processors,0
div,camera,0
div,team,0
div,trio,0
div,extreme,0
div,4closeout,0
div,sort,0
div,install,0
div,repair,0
div,33256-bit,0
div,between,0
div,refreshments,0
div,system,0
div,technical,0
div,compact,0
div,1996-bit,0
div,universal,0
div,hardware,0
div,processor,0
div,full,0
div,above,0
div,overland,0
div,â€“,0
div,11geforce,0
div,164fanliquid,0
div,128-bit,0
div,launches,0
div,off,0
div,laptops,0
div,pagination,0
div,houston,0
div,prevent,0
div,not,0
div,n,0
div,37999,0
div,174999,0
div,x,0
div,chain,0
div,consumption,0
div,headphones,0
div,subscriber,0
div,motherboards,0
div,series,0
div,screen,0
div,publishing,0
div,proudly,0
div,due,0
div,at,0
div,surge,0
div,cameras,0
div,orders,0
div,cards518,0
div,component,0
div,reviewed,0
div,which,0
div,support,0
div,airo,0
div,configurations,0
div,guides,0
div,m,0
div,please,0
div,customize,0
div,controls,0
div,lg,0
div,notebooks,0
div,ideal,0
div,3nvidia,0
div,t1000,0
div,2-in-1,0
div,geforce,0
div,rate,0
div,batteries,0
div,information,0
div,footer,0
div,selections,0
div,diy,0
div,most,0
div,647535,0
div,per,0
div,17triple,0
div,7radeon,0
div,regarding,0
div,see,0
div,3intel,0
div,converters,0
div,low,0
div,brooklyn,0
div,tv,0
div,shredders,0
div,supported,0
div,compatibility,0
div,pcs,0
div,boost,0
div,advanced,0
div,proprietary,0
div,dell,0
div,parallel,0
div,cd,0
div,points,0
div,signal,0
div,helps,0
div,over,1
div,overclocked,0
div,port,0
div,remote,0
div,however,0
div,advertisements,0
div,stock,1
div,7sapphire,0
div,careers,0
div,tp-link,0
div,checking,0
div,when,0
div,reservation,0
div,drum,0
div,rice,0
div,more,0
div,hard,0
div,televisions,0
div,654070,0
div,bridges,0
div,nintendo,0
div,windows,0
div,state,0
div,bus,0
div,time,1
div,another,0
div,about,0
div,protection,0
div,299,0
div,53intel,0
div,ipads,0
div,those,0
div,toys,0
div,12176,0
div,external,0
div,look,0
div,light,0
div,frames,0
div,refine,0
div,personalize,0
div,ipad,0
div,61,0
div,excellent,0
div,refinement,0
div,quadcopters,0
div,racing,0
div,it,0
div,rockville,0
div,287029,0
div,virus,0
div,ventus,0
div,the,0
div,c,0
div,work,0
div,webcams,0
div,dlss,0
div,buy,0
div,pny,0
div,westbury,0
div,sign,0
div,iphone,0
div,projector,0
div,less,0
div,experience,0
div,rtx,0
div,15-pin,0
div,cardsgpus,0
div,cpus,0
div,laptopsnotebooks,0
div,6-pin,0
div,returns,0
div,lc,0
div,computer,0
div,rendering,0
div,pages,0
div,topic,0
div,cards,0
div,north,0
div,flash,0
div,site,0
div,dvi,0
div,this,0
div,18704,0
div,constraints,0
div,pi,0
div,peripherals,0
div,cart,0
div,linksys,0
div,trusted,0
div,1passive,0
div,forum,0
div,powerline,0
div,4geforce,0
div,naviation,0
div,components,0
div,media,0
div,editing,0
div,digital,0
div,pack,0
div,increate,0
div,selection,0
div,id,0
div,dashboard,0
div,attached,0
div,still,0
div,ftw3,0
div,studio,0
div,pointers,0
div,complicated,0
div,gddr6x,0
div,water,0
div,handles,0
span,shop,0
span,rockville,0
span,and,0
span,see,0
span,pickup,0
span,md,0
span,the,0
span,brooklyn,0
span,temporarily,0
span,to,0
span,ma,0
span,10000,0
span,page,0
span,sharonville,0
span,store,0
span,54999,0
span,product,0
span,sort,0
span,items,0
span,westbury,0
span,fairfax,0
span,pricing,0
span,navigation,0
span,tustin,0
span,ny,0
span,modal,0
span,policy,0
span,unavailable,1
span,mi,0
span,products,0
span,71999,0
span,il,0
span,popular,0
span,4,0
span,park,0
span,lists,0
span,va,0
span,all,0
span,compare,0
span,center,0
span,are,0
span,full,0
span,marietta,0
span,ave,0
span,terms,0
span,dallas,0
span,overland,0
span,ca,0
span,hello,0
span,graphics,0
span,columbus,0
span,denver,0
span,houston,0
span,best,0
span,nj,0
span,ga,0
span,online,0
span,n,0
span,expy,0
span,chicago,0
span,xremove,0
span,cards,0
span,rice,0
span,north,0
span,37999,0
span,account,0
span,more,0
span,x,0
span,jersey,0
span,brentwood,0
span,mn,0
span,1,0
span,st,0
span,save,0
span,mayfield,0
span,deals,1
span,ks,0
span,yonkers,0
span,davids,0
span,a,0
span,3000,0
span,at,0
span,our,0
span,your,0
span,24000,0
span,77999,0
span,by,0
span,cart,0
span,shippable,0
span,flushing,0
span,madison,0
span,oh,0
span,mo,0
span,pa,0
span,duluth,0
span,reviews,0
span,about,0
span,with,0
span,co,0
span,in-store,0
span,please,0
span,availability,0
span,remove,0
span,for,0
span,cookies,0
span,accept,0
span,-,0
span,central,0
span,louis,0
span,selection,0
span,43,0
span,accessories,0
span,hide,0
span,micro,0
span,up,0
span,only,1
span,select,0
span,alert,0
span,heights,0
span,information,0
span,refinement,0
span,close,1
span,cambridge,0
span,tx,0
span,privacy,0
span,below,0
span,review,0
span,parkville,0
span,most,0
span,s,0
span,per,0
span,available,0
span,164999,0
span,local,0
span,westmont,0
span,choose,0
a,photo,0
a,accordance,0
a,securityhome,0
a,mounts,0
a,console,0
a,samsung,0
a,security,0
a,eagle,0
a,caa,0
a,recent,0
a,audiovideo,0
a,stations,0
a,ma,0
a,firewire,0
a,3584,0
a,lianli,0
a,msi,0
a,test,0
a,controllers,0
a,makerstem,0
a,14b,0
a,clearance,1
a,barebone,0
a,gddr5,0
a,2176,0
a,enclosures,0
a,2560,0
a,cooling,0
a,ipodmp3,0
a,watts,0
a,fanliquid,0
a,builder,0
a,equipment,0
a,mi,0
a,creators,0
a,products,0
a,airpod,0
a,join,0
a,800,0
a,access,0
a,closeout,0
a,service,0
a,recording,0
a,broadband,0
a,1030,0
a,movies,0
a,home,0
a,chargers,0
a,quad,0
a,scan,0
a,14a,0
a,center,0
a,wearable,0
a,rog,0
a,plus,0
a,satisfaction,0
a,stars,0
a,marietta,0
a,add-ons,0
a,recovery,0
a,192-bit,0
a,terms,0
a,personal,0
a,found,0
a,plates,0
a,20b,0
a,radios,0
a,anti-virus,0
a,triple,0
a,ca,0
a,builders,0
a,schedule,0
a,modems,0
a,hobby,0
a,operating,0
a,solid,0
a,audio,0
a,graphics,0
a,an,0
a,skip,0
a,cord,0
a,wide,0
a,best,0
a,music,0
a,accepted,0
a,parts,0
a,drives,0
a,ultra,0
a,online,0
a,sale,0
a,601,0
a,ribbons,0
a,appointment,0
a,wd,0
a,gadgets,0
a,inkjet,0
a,toners,0
a,return,0
a,job,0
a,minute,0
a,pc,0
a,3000,0
a,trinity,0
a,tech,0
a,rights,0
a,california,0
a,news,0
a,brands,0
a,games,0
a,bluetooth,0
a,paste,0
a,workstations,0
a,cut,0
a,2k,0
a,boardsprojects,0
a,replacement,0
a,flushing,0
a,outlet,0
a,aerial,0
a,boosters,0
a,cartridges,0
a,customer,0
a,acer,0
a,curved,0
a,reviews,0
a,game,0
a,shopping,0
a,co,0
a,explore,0
a,256-bit,0
a,playstation,0
a,cordlessconference,0
a,in-store,0
a,have,0
a,epson,0
a,sound,0
a,raspberry,0
a,readers,0
a,availability,0
a,cookies,0
a,-,0
a,iphones,0
a,my,0
a,build,0
a,imac,0
a,processorscpus,0
a,brother,0
a,supplies,0
a,6950,0
a,highest,0
a,2x,0
a,accessories,0
a,here,0
a,recorders,0
a,paper,0
a,560,0
a,keystones,0
a,plans,0
a,16-pin,0
a,tools,0
a,cable,0
a,do,0
a,mp3,0
a,content,0
a,cambridge,0
a,multimeters,0
a,boards,0
a,panels,0
a,mouse,0
a,review,0
a,tvs,0
a,motherboard,0
a,monitors,0
a,cables,0
a,8704,0
a,larger,0
a,local,0
a,shield,0
a,power,0
a,print,0
a,in,0
a,management,0
a,and,0
a,upgrades,0
a,processors,0
a,height,0
a,lhr,0
a,camera,0
a,dji,0
a,pickup,0
a,gddr6,0
a,ssds,0
a,tablet,0
a,kvm,0
a,gddr4,0
a,blu-ray,0
a,3x,0
a,4k,0
a,restrictions,0
a,fans,0
a,viewing,0
a,psp,0
a,robotic,0
a,trio,0
a,choosing,0
a,extreme,0
a,combos,0
a,ac,0
a,repairs,0
a,store,0
a,openings,0
a,mini-displayport,0
a,product,0
a,business,0
a,usb,0
a,gddr3,0
a,printer,0
a,repair,0
a,you,0
a,ti,0
a,photography,0
a,multimedia,0
a,navigation,0
a,arc,0
a,create,0
a,serial,0
a,999,0
a,refreshments,0
a,were,0
a,thermal,0
a,list,0
a,dvd,0
a,system,0
a,technical,0
a,comparison,0
a,professionals,0
a,me,0
a,section,0
a,universal,0
a,refund,0
a,all,0
a,arcade,0
a,z,0
a,hardware,0
a,700,0
a,stands,0
a,hubs,0
a,are,0
a,promise,0
a,full,0
a,closeouts,0
a,above,0
a,storage,0
a,overland,0
a,â€“,0
a,asked,0
a,printing,0
a,solutions,0
a,beats,0
a,128-bit,0
a,greater,0
a,launches,0
a,off,0
a,electronics,0
a,a4000,0
a,pro,0
a,displays,0
a,laptops,0
a,builds,0
a,nas,0
a,columbus,0
a,denver,0
a,pagination,0
a,24gb,0
a,houston,0
a,every,0
a,nj,0
a,powerspec,0
a,not,0
a,n,0
a,chicago,0
a,facebook,0
a,single,0
a,utilities,0
a,account,0
a,removal,0
a,asrock,0
a,x,0
a,chain,0
a,brentwood,0
a,headphones,0
a,lenovo,0
a,19,0
a,motherboards,0
a,retro,0
a,series,0
a,case,0
a,price,0
a,deals,1
a,ks,0
a,screen,0
a,order,0
a,wireless,0
a,cabinet,0
a,publishing,0
a,we,0
a,dual-fan,0
a,asus,0
a,our,0
a,8960,0
a,options,0
a,theater,0
a,surge,0
a,cameras,0
a,orders,0
a,shippable,0
a,office,0
a,reviewed,0
a,triple-fan,0
a,3080,0
a,intel,0
a,books,0
a,pa,0
a,mo,0
a,routers,0
a,automation,0
a,visiontek,0
a,bundles,0
a,duluth,0
a,capture,0
a,support,0
a,search,0
a,reference,0
a,knowledge,0
a,ssd,0
a,earbuds,0
a,airo,0
a,tuf,0
a,configurations,0
a,guides,0
a,m,0
a,data,0
a,cooled,0
a,applications,0
a,super,0
a,controls,0
a,amp,0
a,needed,0
a,louis,0
a,lg,0
a,guarantee,0
a,directions,0
a,recreational,0
a,camcorders,0
a,notebooks,0
a,166,0
a,micro,0
a,copyrights,0
a,adapters,0
a,streaming,0
a,only,1
a,ink,0
a,2-in-1,0
a,geforce,0
a,t1000,0
a,byopc,0
a,announcements,0
a,batteries,0
a,information,0
a,44,0
a,buying,0
a,privacy,0
a,or,0
a,diy,0
a,8gb,0
a,most,0
a,receipt,0
a,services,0
a,linux,0
a,than,0
a,offers,0
a,shop,0
a,kits,0
a,suggested,0
a,cpu,0
a,area,0
a,compound,0
a,see,0
a,patch,0
a,converters,0
a,md,0
a,a770,0
a,brooklyn,0
a,low,0
a,to,0
a,tv,0
a,shredders,0
a,a4500,0
a,legal,0
a,setup,0
a,questions,0
a,drones,0
a,troubleshooting,0
a,pcs,0
a,results,0
a,sharonville,0
a,xbox,0
a,resins,0
a,keyboards,0
a,crossfire,0
a,phones,0
a,desktops,0
a,ready,0
a,advanced,0
a,powered,0
a,battery,0
a,smaller,0
a,fairfax,0
a,computers,0
a,dell,0
a,quadro,0
a,tustin,0
a,printers,0
a,switches,0
a,status,0
a,credit,0
a,parallel,0
a,weather,0
a,mini,0
a,how,0
a,policy,0
a,imaging,0
a,7,0
a,platform,0
a,cd,0
a,points,0
a,network,0
a,signal,0
a,microsoft,0
a,miscellaneous,0
a,ergonomic,0
a,education,0
a,10gb,0
a,16gb,0
a,il,0
a,homepod,0
a,cddvd,0
a,built,0
a,6600,0
a,park,0
a,lists,0
a,desktop,0
a,va,0
a,ups,0
a,members,0
a,scanners,0
a,slr,0
a,card,0
a,vr,0
a,compare,0
a,over,1
a,landscaping,0
a,overclocked,0
a,bulbs,0
a,dallas,0
a,heatsinks,0
a,remote,0
a,presentation,0
a,fan,0
a,frequently,0
a,hats,0
a,advertisements,0
a,stock,1
a,merchandise,0
a,careers,0
a,tp-link,0
a,checking,0
a,clinics,0
a,reservation,0
a,peripheral,0
a,problem,0
a,upgrade,0
a,drum,0
a,xt,0
a,3d,0
a,lowest,0
a,view,0
a,more,0
a,rebate,0
a,jersey,0
a,tuners,0
a,hard,0
a,clocks,0
a,599,0
a,displayport,0
a,mayfield,0
a,yonkers,0
a,rating,0
a,suprim,0
a,televisions,0
a,davids,0
a,star,0
a,new,0
a,strix,0
a,bridges,0
a,a2000,0
a,nintendo,0
a,profile,0
a,cabinets,0
a,64-bit,0
a,protectors,0
a,showcase,0
a,servers,0
a,diagnosis,0
a,windows,0
a,state,0
a,sell,0
a,carrying,0
a,cddvdblu-ray,0
a,help,0
a,bus,0
a,air,0
a,laptop,0
a,madison,0
a,expansion,0
a,oh,0
a,base,0
a,sim,0
a,about,0
a,protection,0
a,hp,0
a,gb,0
a,with,0
a,750,0
a,t,0
a,a750,0
a,migration,0
a,community,0
a,gps,0
a,accessibility,0
a,shipping,0
a,evga,0
a,box,0
a,ipads,0
a,for,0
a,remove,0
a,enclosurestrays,0
a,nvidia,0
a,toshiba,0
a,710,0
a,portable,0
a,qled,0
a,starter,0
a,on,0
a,antennas,0
a,toys,0
a,headsets,0
a,watches,0
a,hiring,0
a,external,0
a,learn,0
a,finder,0
a,light,0
a,801,0
a,phone,0
a,personalize,0
a,ipad,0
a,heights,0
a,gigabyte,0
a,refinement,0
a,quadcopters,0
a,racing,0
a,strips,0
a,crucial,0
a,amd,0
a,wired,0
a,rockville,0
a,gtx,0
a,mp3mp4,0
a,mac,0
a,systems,0
a,networking,0
a,apple,0
a,wall,0
a,completed,0
a,electronic,0
a,virus,0
a,airpods,0
a,the,0
a,watch,0
a,ventus,0
a,arrivals,0
a,computing,0
a,work,0
a,filaments,0
a,design,0
a,wish,0
a,cases,0
a,webcams,0
a,if,0
a,internal,0
a,shure,0
a,p,0
a,512,0
a,pny,0
a,items,0
a,mice,0
a,westbury,0
a,radeon,0
a,conditions,0
a,inverters,0
a,transparency,0
a,ddr3,0
a,ny,0
a,sign,0
a,tablets,0
a,iphone,0
a,projector,0
a,custom,0
a,maker,0
a,open,0
a,drive,0
a,hangout,0
a,voice,0
a,directx,0
a,toner,0
a,backup,0
a,gamers,0
a,rtx,0
a,twitter,0
a,devices,0
a,map,0
a,popular,0
a,cardsgpus,0
a,current,0
a,arcadegaming,0
a,cleaning,0
a,96-bit,0
a,insider,0
a,dial-up,0
a,instagram,0
a,cpus,0
a,laptopsnotebooks,0
a,6-pin,0
a,technology,0
a,returns,0
a,passive,0
a,idesata,0
a,laser,0
a,gaming,0
a,hello,0
a,youtube,0
a,installation,0
a,top,0
a,lc,0
a,hd,0
a,sapphire,0
a,computer,0
a,video,0
a,a380,0
a,167,0
a,200,0
a,refinements,0
a,ga,0
a,powercolor,0
a,pages,0
a,topic,0
a,xremove,0
a,p1000,0
a,cards,0
a,north,0
a,pads,0
a,384-bit,0
a,flash,0
a,rests,0
a,zotac,0
a,mn,0
a,get,0
a,macbook,0
a,safe,0
a,recycling,0
a,st,0
a,nvlink,0
a,hdmi,0
a,site,0
a,8-pin,0
a,check,0
a,liquid,0
a,yes,0
a,123,0
a,special,0
a,all-in-one,0
a,a,0
a,refurbished,0
a,microphones,0
a,your,0
a,pi,0
a,oled,0
a,vision,0
a,peripherals,0
a,1650,0
a,cart,0
a,locations,0
a,slot,0
a,linksys,0
a,filters,0
a,trusted,0
a,screens,0
a,forum,0
a,powerline,0
a,latest,0
a,switchboxes,0
a,labels,0
a,main,0
a,12gb,0
a,enthusiasts,0
a,cancel,0
a,components,0
a,media,0
a,netgear,0
a,hybrid,0
a,editing,0
a,gt,0
a,flashlights,0
a,projectors,0
a,ethernet,0
a,software,0
a,digital,0
a,pack,0
a,selection,0
a,of,0
a,33,0
a,memory,0
a,settings,0
a,21a,0
a,other,0
a,add,0
a,wrist,0
a,24g,0
a,dashboard,0
a,attached,0
a,4090,0
a,players,0
a,12-pin,0
a,pcie,0
a,up,0
a,ftw3,0
a,studio,0
a,guaranteed,0
a,no,0
a,pointers,0
a,categories,0
a,io,0
a,sli,0
a,gddr6x,0
a,cell,0
a,320-bit,0
a,tx,0
a,water,0
a,speakers,0
a,dual,0
a,rx,0
a,parkville,0
a,projects,0
a,hours,0
a,westmont,0
a,trademarks,0
