div,photo
div,eagle
div,caa
div,ma
div,firewire
div,test
div,enclosures
div,cooling
div,19bus
div,ipodmp3
div,watts
div,builder
div,access
div,1030
div,4
div,home
div,center
div,wearable
div,plus
div,units
div,add-ons
div,terms
div,64999
div,builders
div,great
div,an
div,become
div,general
div,14gddr6
div,zip
div,best
div,music
div,wide
div,ultra
div,505420
div,appointment
div,nicely
div,minute
div,trinity
div,tech
div,bluetooth
div,paste
div,workload
div,cut
div,replacement
div,outlet
div,banner
div,exclusive
div,game
div,shopping
div,co
div,explore
div,raspberry
div,1quadro
div,processorscpus
div,produces
div,even
div,alert
div,16-pin
div,connector
div,cambridge
div,multimeters
div,luckily
div,panels
div,mouse
div,peek
div,cables
div,local
div,shield
div,management
div,and
div,lhr
div,fsr
div,pickup
div,ssds
div,tablet
div,kvm
div,spider-man
div,blu-ray
div,psp
div,product
div,opt
div,usb
div,printer
div,you
div,modern
div,modal
div,were
div,professionals
div,me
div,40320-bit
div,housing
div,refund
div,stream
div,15evga
div,14geforce
div,asked
div,displays
div,nas
div,columbus
div,denver
div,every
div,chicago
div,800062999
div,remember
div,deals
div,we
div,order
div,645890
div,77999
div,code
div,intel
div,pa
div,routers
div,reference
div,earbuds
div,quality
div,data
div,cooled
div,applications
div,72geforce
div,2liquid
div,performance
div,g
div,connecting
div,ensuring
div,micro
div,matching
div,well
div,byopc
div,powerful
div,rank
div,648269
div,or
div,8gb
div,receipt
div,services
div,getting
div,offers
div,ensure
div,compound
div,specific
div,smooth
div,patch
div,a4500
div,drones
div,troubleshooting
div,youll
div,sharonville
div,results
div,demands
div,recommended
div,research
div,ready
div,building
div,computers
div,mini
div,how
div,102
div,platform
div,make
div,microsoft
div,miscellaneous
div,may
div,10gb
div,increase
div,il
div,5radeon
div,cddvd
div,built
div,ups
div,va
div,scanners
div,card
div,landscaping
div,1600
div,fan
div,hats
div,locator
div,8radeon
div,1radeon
div,peripheral
div,adding
div,rated
div,view
div,second
div,jersey
div,clocks
div,experienced
div,displayport
div,qualifying
div,yonkers
div,suprim
div,star
div,connectors
div,servers
div,diagnosis
div,groups
div,cddvdblu-ray
div,help
div,5single
div,hp
div,t
div,box
div,enclosurestrays
div,use
div,123quad
div,©
div,watches
div,389213
div,13geforce
div,heights
div,amd
div,14refurbished
div,2pcie
div,3radeon
div,mac
div,computing
div,filaments
div,cases
div,internal
div,plenty
div,radeon
div,inverters
div,custom
div,maker
div,specifically
div,directx
div,391607
div,know
div,arcadegaming
div,allow
div,dial-up
div,technology
div,tearing
div,idesata
div,laser
div,107gddr6x
div,installation
div,top
div,sapphire
div,in-demand
div,xremove
div,p1000
div,7geforce
div,rests
div,advantage
div,recycling
div,is
div,8-pin
div,fit
div,enhance
div,pre
div,your
div,gpu
div,width
div,1650
div,slot
div,filters
div,1geforce
div,fps
div,their
div,social
div,659534
div,hybrid
div,flashlights
div,what
div,ethernet
div,of
div,631187
div,24g
div,wrist
div,4090
div,players
div,guaranteed
div,pcie
div,up
div,io
div,cell
div,tx
div,speakers
div,dual
div,90
div,westmont
div,trademarks
div,factor
div,securityhome
div,samsung
div,temporarily
div,lianli
div,msi
div,10384-bit
div,clearance
div,71
div,53
div,mi
div,creators
div,join
div,service
div,potential
div,192
div,6768
div,category
div,plates
div,20b
div,radios
div,anti-virus
div,modems
div,hobby
div,audio
div,skip
div,people
div,online
div,lookup
div,eliminating
div,job
div,interface
div,rights
div,brands
div,acceptx
div,workstations
div,supply
div,aerial
div,boosters
div,ram
div,website
div,dock
div,majority
div,freesync
div,in-store
div,cordlessconference
div,sound
div,-
div,my
div,6radeon
div,breadcrumbs
div,brother
div,standard
div,mp3
div,boards
div,6zotac
div,s
div,motherboard
div,larger
div,height
div,web
div,connect
div,fans
div,viewing
div,robotic
div,choosing
div,before
div,saving
div,business
div,further
div,fast
div,find
div,without
div,ti
div,photography
div,arc
div,thermal
div,list
div,dvd
div,arcade
div,stands
div,promise
div,storage
div,solutions
div,beats
div,654069
div,ports
div,builds
div,24gb
div,powerspec
div,facebook
div,utilities
div,account
div,removal
div,retro
div,14
div,ks
div,here
div,position
div,asus
div,our
div,shippable
div,office
div,consider
div,books
div,mo
div,search
div,tuf
div,648539
div,sorry
div,tracing
div,super
div,needed
div,overall
div,louis
div,guarantee
div,directions
div,recreational
div,using
div,think
div,2radeon
div,66999save
div,etc
div,ink
div,only
div,select
div,remastered
div,2200077999
div,close
div,buying
div,privacy
div,than
div,kits
div,a770
div,amazing
div,to
div,legal
div,travelling
div,resins
div,keyboards
div,phones
div,battery
div,smaller
div,fairfax
div,tustin
div,selecting
div,policy
div,ergonomic
div,education
div,54999save
div,lists
div,members
div,compare
div,manufacturer
div,based
div,bulbs
div,dallas
div,heatsinks
div,offer
div,problem
div,length
div,rebate
div,mayfield
div,davids
div,strix
div,model
div,9
div,sacrificing
div,department
div,profile
div,cabinets
div,protectors
div,clock
div,sell
div,air
div,expansion
div,madison
div,oh
div,base
div,sim
div,17801
div,1arc
div,gb
div,community
div,shipping
div,evga
div,for
div,central
div,toshiba
div,13929
div,portable
div,qled
div,audience
div,headsets
div,hiring
div,learn
div,there
div,page1
div,take
div,strips
div,wired
div,gtx
div,mp3mp4
div,systems
div,electronic
div,airpods
div,arrivals
div,ray
div,design
div,wish
div,they
div,if
div,effectively
div,reducing
div,items
div,one
div,mice
div,comes
div,conditions
div,transparency
div,ddr3
div,ny
div,savings
div,refresh
div,open
div,hangout
div,any
div,popular
div,called
div,insider
div,cardschoose
div,gaming
div,youtube
div,total
div,44999
div,99999save
div,3geforce
div,ga
div,matters
div,expy
div,additional
div,pads
div,check
div,special
div,a
div,1pc
div,while
div,vision
div,locations
div,these
div,screens
div,latest
div,switchboxes
div,labels
div,creative
div,12gb
div,enthusiasts
div,cancel
div,whether
div,who
div,image
div,projectors
div,memory
div,add
div,name
div,supports
div,purchasing
div,tier
div,marvel’s
div,categories
div,sli
div,171
div,rx
div,resources
div,parkville
div,issues
div,projects
div,hours
div,security
div,audiovideo
div,stations
div,10500
div,controllers
div,14b
div,you’re
div,from
div,chipset
div,equipment
div,products
div,day
div,sku
div,clear
div,broadband
div,movies
div,14a
div,satisfaction
div,found
div,ca
div,solid
div,inc
div,2asrock
div,cord
div,accepted
div,parts
div,drives
div,function
div,brand
div,ribbons
div,important
div,gadgets
div,toners
div,return
div,so
div,1250
div,selected
div,california
div,games
div,2k
div,that
div,boardsprojects
div,flushing
div,customer
div,acer
div,reviews
div,shorter
div,playstation
div,as
div,2964-bit
div,availability
div,iphones
div,build
div,imac
div,55msi
div,supplies
div,4gddr3
div,email
div,accessories
div,recorders
div,paper
div,max
div,1024
div,content
div,41powercolor
div,2quadro
div,review
div,centeradvanced
div,170recent
div,login
div,monitors
div,power
div,print
div,upgrades
div,dji
div,gddr6
div,activities
div,3x
div,4k
div,restrictions
div,combos
div,ac
div,repairs
div,store
div,openings
div,mini-displayport
div,becoming
div,2400053999
div,multimedia
div,navigation
div,vga
div,serial
div,ship
div,also
div,unavailable
div,all
div,z
div,18nvidia
div,14gigabyte
div,hubs
div,are
div,closeouts
div,4000
div,few
div,printing
div,a4000
div,electronics
div,try
div,pro
div,nj
div,many
div,brentwood
div,lenovo
div,save
div,case
div,price
div,tower
div,wireless
div,cabinet
div,dual-fan
div,need
div,options
div,theater
div,sure
div,by
div,2geforce
div,triple-fan
div,45120
div,automation
div,bundles
div,duluth
div,capture
div,knowledge
div,processing
div,ssd
div,amp
div,camcorders
div,now
div,arguably
div,12visiontek
div,copyrights
div,adapters
div,streaming
div,announcements
div,799
div,69999save
div,below
div,36greater
div,1gddr5
div,insign
div,linux
div,shop
div,suggested
div,cpu
div,area
div,md
div,can
div,questions
div,setup
div,4directx
div,xbox
div,gpus
div,crossfire
div,desktops
div,powered
div,printers
div,switches
div,status
div,credit
div,weather
div,imaging
div,5geforce
div,network
div,16gb
div,159low
div,6quadro
div,homepod
div,but
div,6600
div,77999save
div,park
div,desktop
div,12quadro
div,slr
div,vr
div,ave
div,20
div,presentation
div,compatible
div,line
div,6geforce
div,frequently
div,merchandise
div,clinics
div,will
div,premier
div,upgrade
div,xt
div,two
div,warranties
div,3d
div,1open
div,among
div,lowest
div,type
div,tuners
div,50
div,beyond
div,rating
div,working
div,new
div,a2000
div,1253
div,showcase
div,32new
div,carrying
div,laptop
div,want
div,links
div,with
div,a750
div,migration
div,trust
div,gps
div,accessibility
div,benefit
div,remove
div,nvidia
div,5pcie
div,end
div,on
div,starter
div,antennas
div,require
div,finder
div,space
div,phone
div,gigabyte
div,ad
div,available
div,crucial
div,networking
div,apple
div,wall
div,completed
div,watch
div,choice
div,136usb
div,shure
div,p
div,1gddr4
div,tablets
div,amd’s
div,drive
div,voice
div,toner
div,backup
div,gamers
div,twitter
div,devices
div,selling
div,map
div,cleaning
div,instagram
div,hello
div,hd
div,video
div,a380
div,refinements
div,powercolor
div,zotac
div,mn
div,get
div,macbook
div,safe
div,st
div,hdmi
div,liquid
div,yes
div,workhorse
div,frame
div,all-in-one
div,refurbished
div,microphones
div,oled
div,171000
div,main
div,netgear
div,gt
div,accountcreate
div,average
div,accept
div,form
div,software
div,settings
div,21a
div,other
div,6nvlink
div,such
div,12-pin
div,hide
div,no
div,variable
div,thunderbolt
div,including
div,accordance
div,mounts
div,console
div,4radeon
div,features
div,give
div,page
div,lightweight
div,makerstem
div,models
div,70999save
div,barebone
div,pricing
div,some
div,high
div,airpod
div,27pcie
div,recording
div,chargers
div,produced
div,aib
div,rates
div,scan
div,rog
div,monitor
div,stars
div,marietta
div,recovery
div,personal
div,decision
div,triple
div,schedule
div,operating
div,graphics
div,through
div,sometimes
div,sale
div,wd
div,inkjet
div,pc
div,news
div,technicians
div,310752
div,item
div,cartridges
div,curved
div,have
div,epson
div,cuda
div,first
div,readers
div,cookies
div,multi-gpu
div,possible
div,provide
div,highest
div,2x
div,sync
div,maximum
div,ever
div,keystones
div,plans
div,tools
div,cable
div,14pny
div,do
div,39192-bit
div,valuable
div,100
div,tvs
div,choose
div,in
div,processors
div,camera
div,team
div,trio
div,extreme
div,4closeout
div,sort
div,install
div,repair
div,33256-bit
div,between
div,refreshments
div,system
div,technical
div,compact
div,1996-bit
div,universal
div,hardware
div,processor
div,full
div,above
div,overland
div,–
div,11geforce
div,164fanliquid
div,128-bit
div,launches
div,off
div,laptops
div,pagination
div,houston
div,prevent
div,not
div,n
div,37999
div,174999
div,x
div,chain
div,consumption
div,headphones
div,subscriber
div,motherboards
div,series
div,screen
div,publishing
div,proudly
div,due
div,at
div,surge
div,cameras
div,orders
div,cards518
div,component
div,reviewed
div,which
div,support
div,airo
div,configurations
div,guides
div,m
div,please
div,customize
div,controls
div,lg
div,notebooks
div,ideal
div,3nvidia
div,t1000
div,2-in-1
div,geforce
div,rate
div,batteries
div,information
div,footer
div,selections
div,diy
div,most
div,647535
div,per
div,17triple
div,7radeon
div,regarding
div,see
div,3intel
div,converters
div,low
div,brooklyn
div,tv
div,shredders
div,supported
div,compatibility
div,pcs
div,boost
div,advanced
div,proprietary
div,dell
div,parallel
div,cd
div,points
div,signal
div,helps
div,over
div,overclocked
div,port
div,remote
div,however
div,advertisements
div,stock
div,7sapphire
div,careers
div,tp-link
div,checking
div,when
div,reservation
div,drum
div,rice
div,more
div,hard
div,televisions
div,654070
div,bridges
div,nintendo
div,windows
div,state
div,bus
div,time
div,another
div,about
div,protection
div,299
div,53intel
div,ipads
div,those
div,toys
div,12176
div,external
div,look
div,light
div,frames
div,refine
div,personalize
div,ipad
div,61
div,excellent
div,refinement
div,quadcopters
div,racing
div,it
div,rockville
div,287029
div,virus
div,ventus
div,the
div,c
div,work
div,webcams
div,dlss
div,buy
div,pny
div,westbury
div,sign
div,iphone
div,projector
div,less
div,experience
div,rtx
div,15-pin
div,cardsgpus
div,cpus
div,laptopsnotebooks
div,6-pin
div,returns
div,lc
div,computer
div,rendering
div,pages
div,topic
div,cards
div,north
div,flash
div,site
div,dvi
div,this
div,18704
div,constraints
div,pi
div,peripherals
div,cart
div,linksys
div,trusted
div,1passive
div,forum
div,powerline
div,4geforce
div,naviation
div,components
div,media
div,editing
div,digital
div,pack
div,increate
div,selection
div,id
div,dashboard
div,attached
div,still
div,ftw3
div,studio
div,pointers
div,complicated
div,gddr6x
div,water
div,handles
span,shop
span,rockville
span,and
span,see
span,pickup
span,md
span,the
span,brooklyn
span,temporarily
span,to
span,ma
span,10000
span,page
span,sharonville
span,store
span,54999
span,product
span,sort
span,items
span,westbury
span,fairfax
span,pricing
span,navigation
span,tustin
span,ny
span,modal
span,policy
span,unavailable
span,mi
span,products
span,71999
span,il
span,popular
span,4
span,park
span,lists
span,va
span,all
span,compare
span,center
span,are
span,full
span,marietta
span,ave
span,terms
span,dallas
span,overland
span,ca
span,hello
span,graphics
span,columbus
span,denver
span,houston
span,best
span,nj
span,ga
span,online
span,n
span,expy
span,chicago
span,xremove
span,cards
span,rice
span,north
span,37999
span,account
span,more
span,x
span,jersey
span,brentwood
span,mn
span,1
span,st
span,save
span,mayfield
span,deals
span,ks
span,yonkers
span,davids
span,a
span,3000
span,at
span,our
span,your
span,24000
span,77999
span,by
span,cart
span,shippable
span,flushing
span,madison
span,oh
span,mo
span,pa
span,duluth
span,reviews
span,about
span,with
span,co
span,in-store
span,please
span,availability
span,remove
span,for
span,cookies
span,accept
span,-
span,central
span,louis
span,selection
span,43
span,accessories
span,hide
span,micro
span,up
span,only
span,select
span,alert
span,heights
span,information
span,refinement
span,close
span,cambridge
span,tx
span,privacy
span,below
span,review
span,parkville
span,most
span,s
span,per
span,available
span,164999
span,local
span,westmont
span,choose
a,photo
a,accordance
a,securityhome
a,mounts
a,console
a,samsung
a,security
a,eagle
a,caa
a,recent
a,audiovideo
a,stations
a,ma
a,firewire
a,3584
a,lianli
a,msi
a,test
a,controllers
a,makerstem
a,14b
a,clearance
a,barebone
a,gddr5
a,2176
a,enclosures
a,2560
a,cooling
a,ipodmp3
a,watts
a,fanliquid
a,builder
a,equipment
a,mi
a,creators
a,products
a,airpod
a,join
a,800
a,access
a,closeout
a,service
a,recording
a,broadband
a,1030
a,movies
a,home
a,chargers
a,quad
a,scan
a,14a
a,center
a,wearable
a,rog
a,plus
a,satisfaction
a,stars
a,marietta
a,add-ons
a,recovery
a,192-bit
a,terms
a,personal
a,found
a,plates
a,20b
a,radios
a,anti-virus
a,triple
a,ca
a,builders
a,schedule
a,modems
a,hobby
a,operating
a,solid
a,audio
a,graphics
a,an
a,skip
a,cord
a,wide
a,best
a,music
a,accepted
a,parts
a,drives
a,ultra
a,online
a,sale
a,601
a,ribbons
a,appointment
a,wd
a,gadgets
a,inkjet
a,toners
a,return
a,job
a,minute
a,pc
a,3000
a,trinity
a,tech
a,rights
a,california
a,news
a,brands
a,games
a,bluetooth
a,paste
a,workstations
a,cut
a,2k
a,boardsprojects
a,replacement
a,flushing
a,outlet
a,aerial
a,boosters
a,cartridges
a,customer
a,acer
a,curved
a,reviews
a,game
a,shopping
a,co
a,explore
a,256-bit
a,playstation
a,cordlessconference
a,in-store
a,have
a,epson
a,sound
a,raspberry
a,readers
a,availability
a,cookies
a,-
a,iphones
a,my
a,build
a,imac
a,processorscpus
a,brother
a,supplies
a,6950
a,highest
a,2x
a,accessories
a,here
a,recorders
a,paper
a,560
a,keystones
a,plans
a,16-pin
a,tools
a,cable
a,do
a,mp3
a,content
a,cambridge
a,multimeters
a,boards
a,panels
a,mouse
a,review
a,tvs
a,motherboard
a,monitors
a,cables
a,8704
a,larger
a,local
a,shield
a,power
a,print
a,in
a,management
a,and
a,upgrades
a,processors
a,height
a,lhr
a,camera
a,dji
a,pickup
a,gddr6
a,ssds
a,tablet
a,kvm
a,gddr4
a,blu-ray
a,3x
a,4k
a,restrictions
a,fans
a,viewing
a,psp
a,robotic
a,trio
a,choosing
a,extreme
a,combos
a,ac
a,repairs
a,store
a,openings
a,mini-displayport
a,product
a,business
a,usb
a,gddr3
a,printer
a,repair
a,you
a,ti
a,photography
a,multimedia
a,navigation
a,arc
a,create
a,serial
a,999
a,refreshments
a,were
a,thermal
a,list
a,dvd
a,system
a,technical
a,comparison
a,professionals
a,me
a,section
a,universal
a,refund
a,all
a,arcade
a,z
a,hardware
a,700
a,stands
a,hubs
a,are
a,promise
a,full
a,closeouts
a,above
a,storage
a,overland
a,–
a,asked
a,printing
a,solutions
a,beats
a,128-bit
a,greater
a,launches
a,off
a,electronics
a,a4000
a,pro
a,displays
a,laptops
a,builds
a,nas
a,columbus
a,denver
a,pagination
a,24gb
a,houston
a,every
a,nj
a,powerspec
a,not
a,n
a,chicago
a,facebook
a,single
a,utilities
a,account
a,removal
a,asrock
a,x
a,chain
a,brentwood
a,headphones
a,lenovo
a,19
a,motherboards
a,retro
a,series
a,case
a,price
a,deals
a,ks
a,screen
a,order
a,wireless
a,cabinet
a,publishing
a,we
a,dual-fan
a,asus
a,our
a,8960
a,options
a,theater
a,surge
a,cameras
a,orders
a,shippable
a,office
a,reviewed
a,triple-fan
a,3080
a,intel
a,books
a,pa
a,mo
a,routers
a,automation
a,visiontek
a,bundles
a,duluth
a,capture
a,support
a,search
a,reference
a,knowledge
a,ssd
a,earbuds
a,airo
a,tuf
a,configurations
a,guides
a,m
a,data
a,cooled
a,applications
a,super
a,controls
a,amp
a,needed
a,louis
a,lg
a,guarantee
a,directions
a,recreational
a,camcorders
a,notebooks
a,166
a,micro
a,copyrights
a,adapters
a,streaming
a,only
a,ink
a,2-in-1
a,geforce
a,t1000
a,byopc
a,announcements
a,batteries
a,information
a,44
a,buying
a,privacy
a,or
a,diy
a,8gb
a,most
a,receipt
a,services
a,linux
a,than
a,offers
a,shop
a,kits
a,suggested
a,cpu
a,area
a,compound
a,see
a,patch
a,converters
a,md
a,a770
a,brooklyn
a,low
a,to
a,tv
a,shredders
a,a4500
a,legal
a,setup
a,questions
a,drones
a,troubleshooting
a,pcs
a,results
a,sharonville
a,xbox
a,resins
a,keyboards
a,crossfire
a,phones
a,desktops
a,ready
a,advanced
a,powered
a,battery
a,smaller
a,fairfax
a,computers
a,dell
a,quadro
a,tustin
a,printers
a,switches
a,status
a,credit
a,parallel
a,weather
a,mini
a,how
a,policy
a,imaging
a,7
a,platform
a,cd
a,points
a,network
a,signal
a,microsoft
a,miscellaneous
a,ergonomic
a,education
a,10gb
a,16gb
a,il
a,homepod
a,cddvd
a,built
a,6600
a,park
a,lists
a,desktop
a,va
a,ups
a,members
a,scanners
a,slr
a,card
a,vr
a,compare
a,over
a,landscaping
a,overclocked
a,bulbs
a,dallas
a,heatsinks
a,remote
a,presentation
a,fan
a,frequently
a,hats
a,advertisements
a,stock
a,merchandise
a,careers
a,tp-link
a,checking
a,clinics
a,reservation
a,peripheral
a,problem
a,upgrade
a,drum
a,xt
a,3d
a,lowest
a,view
a,more
a,rebate
a,jersey
a,tuners
a,hard
a,clocks
a,599
a,displayport
a,mayfield
a,yonkers
a,rating
a,suprim
a,televisions
a,davids
a,star
a,new
a,strix
a,bridges
a,a2000
a,nintendo
a,profile
a,cabinets
a,64-bit
a,protectors
a,showcase
a,servers
a,diagnosis
a,windows
a,state
a,sell
a,carrying
a,cddvdblu-ray
a,help
a,bus
a,air
a,laptop
a,madison
a,expansion
a,oh
a,base
a,sim
a,about
a,protection
a,hp
a,gb
a,with
a,750
a,t
a,a750
a,migration
a,community
a,gps
a,accessibility
a,shipping
a,evga
a,box
a,ipads
a,for
a,remove
a,enclosurestrays
a,nvidia
a,toshiba
a,710
a,portable
a,qled
a,starter
a,on
a,antennas
a,toys
a,headsets
a,watches
a,hiring
a,external
a,learn
a,finder
a,light
a,801
a,phone
a,personalize
a,ipad
a,heights
a,gigabyte
a,refinement
a,quadcopters
a,racing
a,strips
a,crucial
a,amd
a,wired
a,rockville
a,gtx
a,mp3mp4
a,mac
a,systems
a,networking
a,apple
a,wall
a,completed
a,electronic
a,virus
a,airpods
a,the
a,watch
a,ventus
a,arrivals
a,computing
a,work
a,filaments
a,design
a,wish
a,cases
a,webcams
a,if
a,internal
a,shure
a,p
a,512
a,pny
a,items
a,mice
a,westbury
a,radeon
a,conditions
a,inverters
a,transparency
a,ddr3
a,ny
a,sign
a,tablets
a,iphone
a,projector
a,custom
a,maker
a,open
a,drive
a,hangout
a,voice
a,directx
a,toner
a,backup
a,gamers
a,rtx
a,twitter
a,devices
a,map
a,popular
a,cardsgpus
a,current
a,arcadegaming
a,cleaning
a,96-bit
a,insider
a,dial-up
a,instagram
a,cpus
a,laptopsnotebooks
a,6-pin
a,technology
a,returns
a,passive
a,idesata
a,laser
a,gaming
a,hello
a,youtube
a,installation
a,top
a,lc
a,hd
a,sapphire
a,computer
a,video
a,a380
a,167
a,200
a,refinements
a,ga
a,powercolor
a,pages
a,topic
a,xremove
a,p1000
a,cards
a,north
a,pads
a,384-bit
a,flash
a,rests
a,zotac
a,mn
a,get
a,macbook
a,safe
a,recycling
a,st
a,nvlink
a,hdmi
a,site
a,8-pin
a,check
a,liquid
a,yes
a,123
a,special
a,all-in-one
a,a
a,refurbished
a,microphones
a,your
a,pi
a,oled
a,vision
a,peripherals
a,1650
a,cart
a,locations
a,slot
a,linksys
a,filters
a,trusted
a,screens
a,forum
a,powerline
a,latest
a,switchboxes
a,labels
a,main
a,12gb
a,enthusiasts
a,cancel
a,components
a,media
a,netgear
a,hybrid
a,editing
a,gt
a,flashlights
a,projectors
a,ethernet
a,software
a,digital
a,pack
a,selection
a,of
a,33
a,memory
a,settings
a,21a
a,other
a,add
a,wrist
a,24g
a,dashboard
a,attached
a,4090
a,players
a,12-pin
a,pcie
a,up
a,ftw3
a,studio
a,guaranteed
a,no
a,pointers
a,categories
a,io
a,sli
a,gddr6x
a,cell
a,320-bit
a,tx
a,water
a,speakers
a,dual
a,rx
a,parkville
a,projects
a,hours
a,westmont
a,trademarks
