div,series
div,414
div,accordance
div,m
div,-
div,time
div,z
div,ventus
div,75
div,in
div,locations
div,81499
div,mp3mp4
div,price
div,14b
div,upgrades
div,directions
div,3080
div,bluetooth
div,decision
div,800091999
div,gddr6x
div,refinement
div,brentwood
div,90
div,7000
div,streaming
div,316384
div,specific
div,dvi
div,announcements
div,readers
div,enhance
div,hubs
div,airpods
div,389213
div,shippable
div,supplies
div,1
div,ensure
div,provide
div,power
div,frequently
div,rice
div,299
div,kits
div,12560
div,tracing
div,youll
div,560
div,hide
div,mayfield
div,patch
div,repair
div,valuable
div,items
div,370114
div,off
div,tp-link
div,department
div,chipset
div,16gb
div,information
div,were
div,ethernet
div,popular
div,want
div,174
div,connect
div,cord
div,rating
div,require
div,personalize
div,professionals
div,fan
div,6768
div,proudly
div,40192-bit
div,ink
div,699
div,resources
div,2liquid
div,20bus
div,there
div,66999save
div,personal
div,394841
div,amazing
div,technical
div,handles
div,computer
div,46999
div,91999
div,41499save
div,knowledge
div,iphone
div,12gb
div,ave
div,locator
div,me
div,crossfire
div,17triple
div,rights
div,stock
div,universal
div,light
div,sacrificing
div,co
div,stands
div,1630
div,maker
div,length
div,spider-man
div,638704
div,eagle
div,software
div,1030
div,boardsprojects
div,11000
div,per
div,headsets
div,up
div,new
div,modern
div,ship
div,rebate
div,do
div,media
div,124quad
div,69999
div,in-store
div,16300
div,246
div,35888
div,gtx
div,12384
div,md
div,remote
div,cd
div,239541
div,4016
div,earbuds
div,game
div,406330
div,warranties
div,730
div,88
div,breadcrumbs
div,imac
div,900040999
div,micro
div,or
div,look
div,23400
div,important
div,50
div,7
div,graphics
div,3radeon
div,customize
div,displays
div,dallas
div,3intel
div,203604
div,activities
div,yonkers
div,building
div,through
div,510496
div,box
div,cpu
div,ga
div,peripherals
div,toners
div,fps
div,westmont
div,78999
div,4radeon
div,ipads
div,byopc
div,dvd
div,advanced
div,recovery
div,bulbs
div,750
div,4100
div,from
div,height
div,24400
div,4closeout
div,t1000
div,qled
div,processors
div,marvel’s
div,powerline
div,multi-gpu
div,larger
div,review
div,brother
div,policy
div,287342
div,offers
div,vga
div,models
div,reviewed
div,job
div,639544
div,accept
div,550
div,a
div,reducing
div,wrist
div,44999
div,upgrade
div,10gb
div,61792
div,north
div,movies
div,tuf
div,bus
div,quality
div,workload
div,performance
div,security
div,hello
div,overall
div,switches
div,homepod
div,2x
div,chain
div,outlet
div,accountcreate
div,migration
div,7sapphire
div,books
div,pages
div,41500
div,microsoft
div,console
div,temporarily
div,2864-bit
div,11quadro
div,cases
div,11192
div,select
div,dual
div,599
div,24000
div,which
div,some
div,multimeters
div,36greater
div,monitors
div,ports
div,platform
div,15powercolor
div,filters
div,191
div,when
div,sometimes
div,999
div,pro
div,suggested
div,called
div,open
div,web
div,learn
div,10geforce
div,shopping
div,racing
div,speakers
div,210
div,nitro
div,rockville
div,insign
div,ever
div,5
div,broadband
div,denver
div,phone
div,33600
div,31700
div,39320-bit
div,56499
div,4090
div,1099
div,technology
div,hd
div,options
div,xt
div,234849
div,tearing
div,selections
div,13pny
div,sharonville
div,40999
div,300056499
div,advantage
div,configurations
div,22000
div,shipping
div,gddr6
div,caa
div,samsung
div,dell
div,279877
div,1arc
div,6radeon
div,category
div,638567
div,1103
div,633838
div,rog
div,a2000
div,106144
div,external
div,21a
div,another
div,13geforce
div,lhr
div,members
div,explore
div,peripheral
div,average
div,powercolor
div,players
div,may
div,saving
div,based
div,recommended
div,madison
div,not
div,over
div,hiring
div,questions
div,laptopsnotebooks
div,automation
div,general
div,fsr
div,arcade
div,rank
div,categories
div,constraints
div,14
div,about
div,18
div,gb
div,liquid
div,completed
div,297143
div,between
div,computers
div,builders
div,103
div,heatsinks
div,ipad
div,electronic
div,youtube
div,353
div,pre
div,televisions
div,56999
div,creative
div,screen
div,wireless
div,cpus
div,get
div,deals
div,77081
div,compound
div,ups
div,1gddr5
div,premier
div,3060
div,computing
div,p
div,149999
div,marietta
div,5geforce
div,rx
div,mice
div,lc
div,imaging
div,however
div,high
div,sale
div,stream
div,to
div,17
div,enclosurestrays
div,lianli
div,23584
div,171
div,expansion
div,headphones
div,before
div,below
div,parts
div,–
div,8
div,ram
div,choose
div,labels
div,26
div,services
div,central
div,psp
div,8-pin
div,troubleshooting
div,installation
div,dlss
div,processor
div,education
div,shop
div,1200070999
div,audio
div,12000
div,stars
div,service
div,166
div,shield
div,adapters
div,full
div,6950
div,clocks
div,make
div,what
div,58
div,sure
div,find
div,refreshments
div,launches
div,filaments
div,2060
div,viewing
div,safe
div,dial-up
div,demands
div,test
div,two
div,1000055999
div,publishing
div,boosters
div,points
div,editing
div,37999
div,648756
div,radeon
div,firewire
div,91
div,of
div,multimedia
div,nicely
div,8gb
div,retro
div,xremove
div,blu-ray
div,170recent
div,n
div,nintendo
div,pagination
div,theater
div,mac
div,help
div,210752
div,flushing
div,notebooks
div,cut
div,20b
div,audiovideo
div,chicago
div,serial
div,ks
div,products
div,rate
div,every
div,11geforce
div,arc
div,pcie
div,satisfaction
div,shorter
div,networking
div,evga
div,copyrights
div,low
div,than
div,opt
div,2-in-1
div,remember
div,11
div,triple-fan
div,code
div,s
div,processing
div,naviation
div,printer
div,1322
div,rates
div,map
div,298505
div,flashlights
div,lists
div,switchboxes
div,ftw3
div,41gigabyte
div,aerial
div,648270
div,acceptx
div,amd
div,you
div,team
div,20
div,drones
div,projector
div,our
div,ssd
div,enclosures
div,21
div,364968
div,2200077999
div,cards518
div,slr
div,192
div,42
div,utilities
div,nvidia
div,screens
div,11visiontek
div,200064999
div,terms
div,groups
div,surge
div,yes
div,strips
div,129
div,returns
div,zip
div,directx
div,arrivals
div,davids
div,refine
div,137
div,1263
div,video
div,webcams
div,5radeon
div,choosing
div,desktop
div,westbury
div,cancel
div,24
div,please
div,cleaning
div,list
div,overclocked
div,image
div,access
div,11384-bit
div,by
div,ac
div,bridges
div,2k
div,parallel
div,4gddr3
div,processorscpus
div,beats
div,1768
div,cooled
div,curved
div,plus
div,conditions
div,lg
div,recreational
div,98960
div,vr
div,7geforce
div,40
div,1996-bit
div,prevent
div,15200
div,california
div,linux
div,internal
div,factor
div,custom
div,1gddr4
div,sell
div,equipment
div,skip
div,clearance
div,clock
div,plates
div,reference
div,quadcopters
div,899
div,cartridges
div,300
div,refund
div,best
div,projectors
div,cabinets
div,few
div,know
div,produces
div,43
div,storage
div,1000044999
div,tvs
div,55999
div,tablets
div,crucial
div,32048
div,among
div,page
div,184
div,phones
div,memory
div,59
div,design
div,trio
div,guarantee
div,needed
div,631187
div,links
div,2
div,solid
div,systems
div,128-bit
div,operating
div,16
div,1020
div,order
div,gadgets
div,enthusiasts
div,camera
div,1open
div,8000
div,asked
div,projects
div,your
div,return
div,servers
div,port
div,raspberry
div,insider
div,p1000
div,electronics
div,124
div,line
div,expy
div,ti
div,34864
div,presentation
div,digital
div,60
div,news
div,389221
div,give
div,well
div,connectors
div,6-pin
div,22304
div,gpus
div,forum
div,2quadro
div,tower
div,business
div,51408
div,15000
div,6
div,consider
div,playstation
div,macbook
div,proprietary
div,repairs
div,pi
div,these
div,remastered
div,guides
div,topic
div,144999
div,great
div,©
div,hangout
div,gigabyte
div,at
div,70999
div,settings
div,400
div,all
div,technicians
div,office
div,1600053999
div,restrictions
div,70999save
div,1292
div,291567
div,639398
div,6zotac
div,local
div,1050
div,brooklyn
div,6400
div,alert
div,100
div,115
div,watches
div,camcorders
div,15evga
div,usb
div,motherboard
div,st
div,above
div,the
div,twitter
div,vision
div,52
div,merchandise
div,17801
div,va
div,form
div,4k
div,frame
div,hours
div,bundles
div,399
div,displayport
div,66
div,finder
div,799
div,data
div,less
div,sound
div,no
div,connector
div,it
div,width
div,site
div,keyboards
div,cardschoose
div,for
div,schedule
div,have
div,wearable
div,footer
div,1000
div,working
div,selling
div,11051
div,15geforce
div,9000
div,function
div,clinics
div,freesync
div,ensuring
div,71
div,microphones
div,t
div,one
div,640492
div,1024
div,sync
div,22
div,music
div,product
div,starter
div,supply
div,monitor
div,6500
div,system
div,cordlessconference
div,workhorse
div,desktops
div,381814
div,smaller
div,22560
div,1radeon
div,11512
div,5450
div,75999
div,day
div,base
div,potential
div,printers
div,lightweight
div,laptops
div,instagram
div,ad
div,think
div,iphones
div,buy
div,1250
div,73geforce
div,produced
div,name
div,hybrid
div,need
div,24gb
div,lenovo
div,391607
div,3nvidia
div,44
div,compact
div,geforce
div,photo
div,1pc
div,18704
div,gt
div,tuners
div,virus
div,experience
div,il
div,mounts
div,availability
div,brands
div,they
div,maximum
div,regarding
div,499
div,accessibility
div,a4000
div,pickup
div,strix
div,effectively
div,studio
div,tech
div,msi
div,1291
div,mp3
div,45120
div,content
div,arguably
div,carrying
div,inc
div,type
div,io
div,cooling
div,buying
div,builder
div,peek
div,who
div,wall
div,jersey
div,51026
div,hard
div,store
div,fairfax
div,trademarks
div,6900
div,cardsgpus
div,tablet
div,tustin
div,pcs
div,234864
div,3090
div,smooth
div,133
div,so
div,8radeon
div,batteries
div,1quadro
div,trust
div,navigation
div,work
div,slot
div,use
div,4300
div,compare
div,due
div,gamers
div,devices
div,solutions
div,manufacturer
div,games
div,workstations
div,special
div,additional
div,30
div,13
div,500
div,53999
div,search
div,asus
div,creators
div,water
div,an
div,2022
div,sapphire
div,account
div,becoming
div,rests
div,setup
div,0
div,69999save
div,53intel
div,652540
div,build
div,164fanliquid
div,lowest
div,ideal
div,6750
div,variable
div,12176
div,still
div,star
div,purchasing
div,experienced
div,netgear
div,200039499
div,triple
div,sort
div,633840
div,customer
div,48
div,recorders
div,47
div,components
div,photography
div,31new
div,selecting
div,majority
div,59499save
div,any
div,71999save
div,travelling
div,2000
div,10000
div,printing
div,air
div,apple
div,ssds
div,model
div,5305
div,install
div,200
div,audience
div,signal
div,position
div,refinements
div,33256-bit
div,sku
div,drive
div,kvm
div,651094
div,700
div,mini
div,cddvd
div,capture
div,1geforce
div,96
div,beyond
div,accessories
div,sli
div,all-in-one
div,cables
div,159
div,status
div,77999save
div,6quadro
div,trusted
div,710
div,supported
div,converters
div,windows
div,dock
div,3050
div,powered
div,shure
div,27pcie
div,become
div,77999
div,housing
div,ribbons
div,antennas
div,16-pin
div,2radeon
div,17refurbished
div,cameras
div,research
div,houston
div,showcase
div,2pcie
div,59704
div,134608
div,7radeon
div,now
div,851
div,laptop
div,problem
div,2asrock
div,101250
div,watts
div,recording
div,fans
div,privacy
div,support
div,647535
div,louis
div,this
div,inverters
div,highest
div,107gddr6x
div,voice
div,159low
div,3000
div,online
div,wish
div,16000
div,stations
div,powerful
div,cart
div,rendering
div,closeouts
div,are
div,state
div,dual-fan
div,controllers
div,makerstem
div,whether
div,will
div,removal
div,6geforce
div,a770
div,pack
div,fast
div,portable
div,27500
div,646372
div,linksys
div,benefit
div,network
div,we
div,amd’s
div,mn
div,xbox
div,18nvidia
div,area
div,other
div,cell
div,as
div,9
div,14gddr6
div,center
div,specifically
div,barebone
div,shredders
div,wired
div,transparency
div,many
div,attached
div,mi
div,found
div,65999save
div,1012
div,638611
div,careers
div,close
div,637879
div,weather
div,1650
div,parkville
div,watch
div,here
div,orders
div,securityhome
div,34800
div,interface
div,banner
div,even
div,645890
div,649747
div,login
div,cabinet
div,53
div,ma
div,choice
div,2geforce
div,but
div,increate
div,selection
div,promise
div,their
div,modems
div,join
div,openings
div,accepted
div,issues
div,backup
div,280
div,boost
div,638988
div,anti-virus
div,201000
div,arcadegaming
div,can
div,cddvdblu-ray
div,575
div,qualifying
div,wide
div,recycling
div,oh
div,component
div,possible
div,first
div,5000
div,management
div,3x
div,reservation
div,374579
div,311027
div,g
div,1500
div,radios
div,item
div,800062999
div,23
div,15-pin
div,website
div,id
div,3geforce
div,1512
div,toys
div,checking
div,512
div,ny
div,pads
div,on
div,hobby
div,and
div,4
div,a4500
div,99999save
div,aib
div,tools
div,adding
div,283176
div,add
div,space
div,resins
div,facebook
div,xc3
div,paper
div,6nvlink
div,oled
div,matters
div,fit
div,dji
div,connecting
div,13929
div,people
div,exclusive
div,protection
div,646820
div,x
div,34750
div,supports
div,1passive
div,64999
div,more
div,including
div,add-ons
div,also
div,cards
div,with
div,robotic
div,applications
div,141
div,3d
div,allow
div,423160
div,nas
div,63072
div,available
div,mo
div,drives
div,ca
div,replacement
div,49
div,mini-displayport
div,cable
div,built
div,boards
div,comes
div,appointment
div,cuda
div,idesata
div,ddr3
div,75243
div,thunderbolt
div,4000
div,pa
div,drum
div,111101
div,hp
div,287029
div,28
div,13328
div,49999save
div,take
div,634191
div,max
div,motherboards
div,guaranteed
div,33
div,builds
div,etc
div,167
div,paste
div,such
div,scan
div,complicated
div,minute
div,park
div,acer
div,if
div,top
div,300046999
div,protectors
div,heights
div,intel
div,case
div,51
div,15701
div,remove
div,79999
div,34
div,tier
div,5pcie
div,excellent
div,cambridge
div,a380
div,matching
div,3070
div,routers
div,in-demand
div,savings
div,view
div,while
div,ipodmp3
div,page1
div,consumption
div,2400053999
div,thermal
div,11500
div,hdmi
div,365
div,latest
div,flash
div,super
div,sorry
div,rtx
div,62999
div,inkjet
div,advertisements
div,9896
div,hardware
div,card
div,receipt
div,plenty
div,using
div,54999save
div,19
div,toner
div,102
div,compatible
div,sign
div,56msi
div,1660
div,centeradvanced
div,second
div,15
div,powerspec
div,that
div,39499
div,offer
div,104999
div,pny
div,modal
div,6800
div,nj
div,brand
div,7750
div,social
div,you’re
div,overland
div,gpu
div,combos
div,home
div,luckily
div,helps
div,try
div,10240
div,136usb
div,tx
div,3
div,compatibility
div,gps
div,tv
div,c
div,getting
div,panels
div,keystones
div,10601
div,landscaping
div,reviews
div,how
div,1406
div,scanners
div,82999save
div,hats
div,2263
div,pc
div,289504
div,ultra
div,airpod
div,most
div,is
div,diagnosis
div,6600
div,4directx
div,17168
div,without
div,ray
div,chargers
div,5single
div,duluth
div,my
div,mouse
div,rated
div,subscriber
div,refresh
div,6650
div,sim
div,columbus
div,features
div,profile
div,controls
div,61
div,save
div,10
div,14a
div,6700
div,email
div,pointers
div,diy
div,community
div,refurbished
div,miscellaneous
div,check
div,lookup
div,see
div,further
div,126
div,plans
div,credit
div,23900
div,total
div,1600
div,wd
div,end
div,those
div,selected
div,gaming
div,648539
div,units
div,7640
div,standard
div,main
div,battery
div,print
div,435669
div,a750
div,648269
div,12
div,laser
div,1500056999
div,only
div,frames
div,eliminating
div,clear
div,increase
div,ready
div,12-pin
div,pricing
div,results
div,ergonomic
div,638234
div,epson
div,cookies
div,dashboard
div,legal
span,brooklyn
span,55999
span,our
span,about
span,yonkers
span,alert
span,page
span,184
span,53999
span,remove
span,13929
span,24000
span,-
span,9
span,st
span,center
span,79999
span,x
span,the
span,81499
span,il
span,mi
span,46999
span,91999
span,terms
span,cambridge
span,ga
span,account
span,most
span,2
span,va
span,close
span,availability
span,82999
span,56999
span,37999
span,16
span,64999
span,8000
span,0
span,parkville
span,pickup
span,59499
span,westmont
span,78999
span,deals
span,your
span,more
span,77999
span,77081
span,xremove
span,ave
span,duluth
span,cards
span,davids
span,rockville
span,with
span,refinement
span,brentwood
span,n
span,137
span,5
span,53
span,ma
span,for
span,54999
span,columbus
span,denver
span,houston
span,expy
span,selection
span,save
span,flushing
span,co
span,56499
span,reviews
span,65999
span,available
span,9000
span,westbury
span,149999
span,marietta
span,mo
span,sort
span,24
span,62999
span,chicago
span,ca
span,ks
span,shippable
span,products
span,review
span,1
span,policy
span,sharonville
span,22
span,40999
span,please
span,jersey
span,48
span,product
span,to
span,see
span,per
span,19
span,47
span,store
span,by
span,22000
span,up
span,71999
span,fairfax
span,6
span,15000
span,accept
span,privacy
span,75243
span,a
span,oh
span,44999
span,rice
span,louis
span,below
span,69999
span,north
span,in-store
span,pa
span,8
span,11
span,mayfield
span,2000
span,10000
span,49999
span,hide
span,choose
span,39499
span,tustin
span,5305
span,md
span,3000
span,items
span,104999
span,central
span,modal
span,s
span,16000
span,nj
span,144999
span,75999
span,hello
span,cart
span,at
span,are
span,shop
span,23
span,70999
span,overland
span,information
span,12000
span,navigation
span,99999
span,12
span,all
span,only
span,ny
span,66999
span,popular
span,lists
span,and
span,compare
span,4
span,madison
span,full
span,micro
span,tx
span,best
span,park
span,3
span,temporarily
span,pricing
span,43
span,graphics
span,accessories
span,20
span,41499
span,cookies
span,heights
span,mn
span,dallas
span,local
span,select
a,brooklyn
a,series
a,area
a,other
a,14
a,about
a,18
a,6400
a,cell
a,m
a,gb
a,liquid
a,accordance
a,100
a,completed
a,watches
a,115
a,110
a,600
a,camcorders
a,-
a,computers
a,usb
a,builders
a,9
a,motherboard
a,heatsinks
a,z
a,ventus
a,st
a,center
a,barebone
a,shredders
a,75
a,2304
a,in
a,the
a,wired
a,above
a,locations
a,twitter
a,transparency
a,attached
a,mi
a,mp3mp4
a,found
a,ipad
a,electronic
a,vision
a,52
a,price
a,merchandise
a,14b
a,youtube
a,601
a,va
a,careers
a,televisions
a,4k
a,upgrades
a,weather
a,hours
a,1650
a,bundles
a,screen
a,directions
a,399
a,wireless
a,cpus
a,parkville
a,get
a,watch
a,bluetooth
a,3080
a,displayport
a,finder
a,799
a,deals
a,768
a,data
a,here
a,orders
a,securityhome
a,gddr6x
a,compound
a,ups
a,gddr3
a,sound
a,no
a,refinement
a,brentwood
a,quad
a,7000
a,keyboards
a,cabinet
a,ma
a,53
a,site
a,schedule
a,for
a,streaming
a,wearable
a,have
a,1000
a,3060
a,computing
a,selection
a,promise
a,announcements
a,p
a,readers
a,clinics
a,marietta
a,modems
a,join
a,hubs
a,rx
a,greater
a,accepted
a,airpods
a,backup
a,openings
a,mice
a,anti-virus
a,microphones
a,asrock
a,imaging
a,shippable
a,t
a,lc
a,supplies
a,1
a,sale
a,5888
a,1024
a,22
a,music
a,product
a,to
a,starter
a,arcadegaming
a,6500
a,power
a,cddvdblu-ray
a,17
a,enclosurestrays
a,lianli
a,frequently
a,wide
a,recycling
a,1051
a,oh
a,171
a,system
a,expansion
a,cordlessconference
a,headphones
a,299
a,desktops
a,parts
a,kits
a,5000
a,–
a,smaller
a,management
a,8960
a,3x
a,reservation
a,560
a,8
a,mayfield
a,labels
a,patch
a,repair
a,1500
a,services
a,192-bit
a,items
a,5450
a,off
a,are
a,psp
a,8-pin
a,troubleshooting
a,tp-link
a,radios
a,installation
a,base
a,education
a,shop
a,printers
a,35
a,23
a,laptops
a,mn
a,16gb
a,toys
a,audio
a,information
a,checking
a,512
a,were
a,instagram
a,stars
a,service
a,ethernet
a,iphones
a,ny
a,pads
a,166
a,popular
a,shield
a,adapters
a,hobby
a,on
a,1250
a,and
a,4
a,a4500
a,full
a,6950
a,clocks
a,hybrid
a,tools
a,24gb
a,lenovo
a,add
a,resins
a,cord
a,3328
a,facebook
a,rating
a,xc3
a,paper
a,personalize
a,44
a,refreshments
a,professionals
a,launches
a,fan
a,filaments
a,geforce
a,1026
a,oled
a,photo
a,ink
a,699
a,dji
a,2060
a,viewing
a,closeout
a,10496
a,personal
a,protection
a,safe
a,technical
a,zotac
a,gt
a,dial-up
a,tuners
a,virus
a,x
a,il
a,mounts
a,computer
a,test
a,384
a,publishing
a,1792
a,boosters
a,brands
a,knowledge
a,availability
a,points
a,editing
a,96-bit
a,radeon
a,499
a,accessibility
a,a4000
a,firewire
a,pickup
a,iphone
a,multimedia
a,of
a,more
a,8gb
a,retro
a,xremove
a,strix
a,12gb
a,me
a,add-ons
a,cards
a,studio
a,crossfire
a,with
a,robotic
a,tech
a,msi
a,rights
a,stock
a,blu-ray
a,universal
a,light
a,applications
a,pagination
a,nintendo
a,n
a,theater
a,mp3
a,mac
a,recent
a,content
a,help
a,carrying
a,3d
a,nas
a,flushing
a,co
a,stands
a,1630
a,notebooks
a,maker
a,mo
a,800
a,drives
a,cut
a,20b
a,audiovideo
a,io
a,chicago
a,serial
a,cooling
a,ca
a,10752
a,ks
a,eagle
a,products
a,replacement
a,buying
a,49
a,builder
a,wall
a,software
a,jersey
a,1030
a,mini-displayport
a,every
a,hard
a,cable
a,boardsprojects
a,built
a,boards
a,headsets
a,store
a,appointment
a,up
a,new
a,3072
a,idesata
a,fairfax
a,rebate
a,arc
a,ddr3
a,do
a,gddr4
a,trademarks
a,media
a,pcie
a,satisfaction
a,6900
a,networking
a,evga
a,copyrights
a,low
a,640
a,4000
a,than
a,2-in-1
a,in-store
a,pa
a,cardsgpus
a,11
a,comparison
a,drum
a,gtx
a,tablet
a,900
a,tustin
a,pcs
a,triple-fan
a,2176
a,md
a,3090
a,hp
a,170
a,remote
a,28
a,cd
a,batteries
a,motherboards
a,printer
a,guaranteed
a,earbuds
a,33
a,navigation
a,builds
a,map
a,work
a,flashlights
a,game
a,167
a,paste
a,slot
a,164
a,scan
a,passive
a,lists
a,switchboxes
a,730
a,compare
a,ftw3
a,imac
a,micro
a,minute
a,or
a,park
a,acer
a,if
a,gamers
a,4864
a,aerial
a,top
a,protectors
a,amd
a,50
a,graphics
a,devices
a,solutions
a,7
a,displays
a,you
a,20
a,drones
a,heights
a,intel
a,games
a,2048
a,workstations
a,dallas
a,case
a,special
a,projector
a,51
a,ssd
a,our
a,nvlink
a,yonkers
a,30
a,enclosures
a,21
a,13
a,500
a,remove
a,search
a,slr
a,5120
a,192
a,asus
a,nvidia
a,utilities
a,box
a,creators
a,cpu
a,water
a,an
a,screens
a,34
a,terms
a,cambridge
a,sapphire
a,ga
a,a380
a,107
a,account
a,256-bit
a,801
a,peripherals
a,surge
a,yes
a,rests
a,toners
a,setup
a,strips
a,3070
a,routers
a,320-bit
a,westmont
a,ipads
a,build
a,byopc
a,129
a,gddr5
a,returns
a,lowest
a,dvd
a,advanced
a,6750
a,view
a,recovery
a,directx
a,section
a,bulbs
a,31
a,arrivals
a,davids
a,750
a,height
a,ipodmp3
a,7168
a,video
a,webcams
a,star
a,choosing
a,140
a,39
a,t1000
a,create
a,qled
a,thermal
a,3584
a,netgear
a,desktop
a,processors
a,westbury
a,365
a,cancel
a,136
a,flash
a,super
a,triple
a,hdmi
a,latest
a,24
a,rtx
a,inkjet
a,73
a,fanliquid
a,advertisements
a,powerline
a,larger
a,review
a,brother
a,policy
a,hardware
a,card
a,receipt
a,customer
a,48
a,offers
a,recorders
a,cleaning
a,list
a,overclocked
a,1101
a,19
a,reviewed
a,components
a,access
a,job
a,photography
a,toner
a,sign
a,ac
a,bridges
a,2k
a,550
a,a
a,wrist
a,1660
a,upgrade
a,parallel
a,10gb
a,north
a,processorscpus
a,beats
a,15
a,movies
a,cooled
a,tuf
a,curved
a,plus
a,conditions
a,lg
a,powerspec
a,recreational
a,bus
a,2000
a,printing
a,air
a,apple
a,ssds
a,vr
a,200
a,40
a,pny
a,signal
a,6800
a,security
a,nj
a,64-bit
a,hello
a,california
a,switches
a,homepod
a,refinements
a,7750
a,2x
a,linux
a,internal
a,chain
a,overland
a,drive
a,outlet
a,custom
a,combos
a,home
a,migration
a,8704
a,sell
a,kvm
a,books
a,pages
a,equipment
a,skip
a,clearance
a,plates
a,10240
a,700
a,mini
a,microsoft
a,cddvd
a,reference
a,quadcopters
a,899
a,cartridges
a,tx
a,300
a,refund
a,best
a,projectors
a,cabinets
a,capture
a,console
a,3
a,16384
a,gps
a,tv
a,96
a,panels
a,43
a,56
a,storage
a,accessories
a,keystones
a,6144
a,sli
a,landscaping
a,reviews
a,cases
a,how
a,all-in-one
a,tvs
a,cables
a,scanners
a,159
a,status
a,tablets
a,crucial
a,hats
a,trusted
a,phones
a,dual
a,599
a,pc
a,memory
a,710
a,59
a,multimeters
a,design
a,monitors
a,4608
a,trio
a,guarantee
a,ultra
a,converters
a,platform
a,needed
a,1408
a,701
a,36
a,windows
a,airpod
a,filters
a,3050
a,powered
a,999
a,2
a,solid
a,systems
a,128-bit
a,most
a,pro
a,41
a,suggested
a,operating
a,diagnosis
a,16
a,order
a,gadgets
a,shure
a,camera
a,enthusiasts
a,asked
a,projects
a,open
a,85
a,visiontek
a,6600
a,learn
a,your
a,shopping
a,racing
a,return
a,speakers
a,nitro
a,chargers
a,duluth
a,my
a,mouse
a,rockville
a,servers
a,antennas
a,ribbons
a,27
a,16-pin
a,9704
a,6650
a,cameras
a,5
a,raspberry
a,insider
a,p1000
a,electronics
a,124
a,sim
a,columbus
a,broadband
a,denver
a,phone
a,profile
a,controls
a,houston
a,showcase
a,ti
a,10
a,4090
a,presentation
a,14a
a,1099
a,digital
a,60
a,news
a,6700
a,pointers
a,technology
a,hd
a,diy
a,options
a,community
a,xt
a,laptop
a,refurbished
a,6-pin
a,miscellaneous
a,sharonville
a,problem
a,forum
a,check
a,business
a,watts
a,see
a,recording
a,configurations
a,126
a,fans
a,shipping
a,gddr6
a,plans
a,credit
a,caa
a,6
a,privacy
a,1600
a,samsung
a,support
a,wd
a,louis
a,dell
a,playstation
a,macbook
a,inverters
a,highest
a,voice
a,rog
a,a2000
a,repairs
a,pi
a,896
a,gaming
a,3000
a,online
a,guides
a,external
a,quadro
a,wish
a,current
a,topic
a,21a
a,stations
a,hangout
a,single
a,gigabyte
a,cart
a,lhr
a,closeouts
a,members
a,main
a,battery
a,state
a,explore
a,print
a,peripheral
a,controllers
a,dual-fan
a,makerstem
a,a750
a,settings
a,400
a,powercolor
a,laser
a,12
a,all
a,only
a,office
a,players
a,removal
a,restrictions
a,madison
a,a770
a,pack
a,not
a,over
a,portable
a,ready
a,hiring
a,questions
a,laptopsnotebooks
a,12-pin
a,automation
a,linksys
a,2560
a,results
a,80
a,network
a,arcade
a,we
a,ergonomic
a,epson
a,cookies
a,categories
a,384-bit
a,xbox
a,dashboard
a,local
a,legal
a,1050
